{"NNNNNLCSYTNNS": {"allow": 0.1010898518346632, "refuse": -0.012150435012240519, "modify": 0.10146961258628638, "escalate": 0.05911440978427477}, "NNNNNLCSYTNNM": {"allow": -0.1816340395376651, "refuse": 0.21922435916157948, "modify": 0.0910920257001263, "escalate": 0.1618422611648317}, "NNNNSLCSYTNNM": {"allow": -0.13095663585421372, "refuse": 0.21362645672052227, "modify": 0.07527750094918653, "escalate": 0.09536819879555442}, "JNNNNLCSYTNNM": {"allow": -0.21253719534699303, "refuse": 0.1656188426661901, "modify": 0.0038980053378833007, "escalate": 0.055595192324542145}, "JANNNLCSYTNNM": {"allow": -0.22339981811851817, "refuse": 0.05531800575120498, "modify": 0.0, "escalate": 0.05777540888341329}, "NANNNLCSYTNNM": {"allow": -0.26555738993377365, "refuse": 0.18427146128075247, "modify": 0.022978936882811402, "escalate": 0.10572788863855823}, "NANNNMCSYTNNM": {"allow": -0.10149518927832958, "refuse": 0.17299845274627101, "modify": 0.031020989299760857, "escalate": 0.08912150544744107}, "NNNNSMCSYTNNS": {"allow": 0.06537940305405249, "refuse": -0.07516068522528575, "modify": 0.08532874438822256, "escalate": 0.025698694015929047}, "NNNNNMCSYTNNM": {"allow": -0.10085520373763324, "refuse": 0.04884837529820719, "modify": 0.05072846869512104, "escalate": 0.04325197623222882}, "NNNNNMCSYTNNS": {"allow": 0.04128614671053412, "refuse": -0.05230010518294852, "modify": 0.06644586282151842, "escalate": 0.0006183344618900283}, "NNNNSMCSY2NNS": {"allow": -0.021993618870765373, "refuse": 0.015553640617279142, "modify": 0.011935092203722828, "escalate": 0.08369811263443024}, "NNNNNMCSN1NNS": {"allow": 0.08869342048732187, "refuse": -0.036401097560614874, "modify": 0.011301763191335083, "escalate": -0.0062242461995323664}, "NNNNSLCSYTNNS": {"allow": -0.05261136281444067, "refuse": 0.07813697334536682, "modify": 0.06172578145590945, "escalate": 0.048117139209415016}, "NNNNSMCSY2NNM": {"allow": -0.04448306134202161, "refuse": 0.08034342323809807, "modify": 0.006993452199358609, "escalate": 0.027130712200935006}, "NNNNSMCSN1NNS": {"allow": 0.11826649872140779, "refuse": -0.019676268951683715, "modify": 0.005951039413089829, "escalate": -0.004957075524639325}, "NNNNSMCSYTNNM": {"allow": -0.022931473144358443, "refuse": 0.07200095952750511, "modify": 0.08445644168709897, "escalate": 0.07201099736822388}, "NNNNNMCSN1NNM": {"allow": 0.07467249560250322, "refuse": -0.0225, "modify": 0.009672988803213307, "escalate": -0.017953597218952407}, "NANNNMCSYTNNS": {"allow": 0.0, "refuse": 0.01128, "modify": 0.02204182409183908, "escalate": 0.0}, "NANNNLCSYTNNS": {"allow": 0.016897088775143898, "refuse": 0.0031110589100815864, "modify": 0.0045, "escalate": 0.0}, "JNNNNLCSYTNXS": {"allow": -0.04091342410466139, "refuse": 0.049552199729017934, "modify": 0.054744795632370905, "escalate": 0.01172052624786689}, "JNNNNMCSYTNNM": {"allow": -0.04386727607399195, "refuse": 0.16662229297188622, "modify": 0.022859008006140227, "escalate": 0.0528025785153739}, "NNNNNMCSY2NNM": {"allow": 0.031374789425736474, "refuse": -0.013425752489564855, "modify": 0.01124784870165601, "escalate": -0.0007034323294709017}, "JNNNNHCSYTNXS": {"allow": -0.02010375, "refuse": 0.0, "modify": 0.0, "escalate": 0.0}, "NNNNNHCSYTNNS": {"allow": 0.005720172494966756, "refuse": -0.018302689230512405, "modify": 0.0270661121532114, "escalate": -0.0012692990201812505}, "JNNNNLCSYTNNS": {"allow": 0.0, "refuse": 0.03383034633508318, "modify": 0.0, "escalate": 0.0}, "JNNNNHCSYTNNM": {"allow": -0.03166152149922174, "refuse": 0.12259316889994099, "modify": 0.014959607121134276, "escalate": 0.0}, "NNNNNHCSYTNNM": {"allow": -0.021551985493640565, "refuse": 0.07013571253461738, "modify": 0.013395337250638713, "escalate": 0.0313979413955599}, "NNNNSHCSYTNNM": {"allow": 0.0022093554764116945, "refuse": 0.0, "modify": 0.08628297336531095, "escalate": 0.011027753754746926}, "NNNNSLCSYTNXM": {"allow": -0.016664873433356934, "refuse": 0.02405756348855815, "modify": 0.0, "escalate": 0.08307184959740464}, "NNNNSMCSYTNXM": {"allow": -0.012099142653578364, "refuse": 0.10536140061184208, "modify": 0.008623293657415643, "escalate": 0.0}, "JNNNNLCSYTNXM": {"allow": -0.015831776959227037, "refuse": 0.14441103715063014, "modify": 0.017996376821184563, "escalate": 0.0}, "JANNNMCSYTNNM": {"allow": -0.061125900000000004, "refuse": 0.02772347597056889, "modify": 0.0, "escalate": 0.0}, "NNNUNMCSYTNNM": {"allow": 0.0, "refuse": 0.0, "modify": 0.0, "escalate": 0.03216345219935861}, "NANNNHCSYTNNM": {"allow": -0.02154007681249417, "refuse": 0.1415861212405026, "modify": 0.010437214128115564, "escalate": 0.0}, "NNNNSHCSYTNNS": {"allow": 0.1425906620893784, "refuse": 0.0, "modify": 0.014471482588834558, "escalate": 0.0011377479855821406}, "JNNNNMCSYTNXS": {"allow": 0.0, "refuse": 0.018880923005090252, "modify": 0.0, "escalate": 0.0}, "JNNNNMCSYTNXM": {"allow": 0.0, "refuse": 0.023146911216120662, "modify": 0.0, "escalate": 0.09938596594172155}, "JNNNNHCSYTNXM": {"allow": -0.031051090106626916, "refuse": 0.0, "modify": 0.0, "escalate": 0.05103810148918859}}